﻿Board Layer Stack
Number;Name;Type;Manufacturer;Material;Process;Thickness (mm);Weight (oz);Dk;Df;Orientation;Pullback distance (mm);Color;Constructions;Solid (%);Resin (%);Material Frequency (GHz);GlassTransTemp (°C)
;Top Overlay;Overlay;;;;;;;;;;;;;;;
;Top Solder;Solder Mask;Altium Designer;SM-001;;0.025;;4;0.03;;;#FF008000;;1;;1;125
;Top Copper Plating;Copper plating;;PbSn;HASL;0.02;;;;;;#FFF2F2F2;;;;;
1;Top Layer;Signal;Altium Designer;CF-004;ED;0.053;1;;;Top;;;;;;;
;Dielectric 1;Prepreg;Altium Designer;PP-006;;0.11;;4.1;0.02;;;;1080;;62;1;180
2;Int1 (Sign);Plane;Altium Designer;CF-004;ED;0.035;1;;;;0.508;;;;;;
;Dielectric 3;Core;Altium Designer;Core-027;;0.2;;4.5;0.02;;;;2-2116;;53;1;180
3;Int2 (GND);Signal;Altium Designer;CF-004;ED;0.035;1;;;Not allowed;;;;;;;
;Dielectric 5;Prepreg;Altium Designer;PP-006;;0.18;;4.1;0.02;;;;1080;;62;1;180
4;Int3 (Sign);Plane;Altium Designer;CF-004;ED;0.035;1;;;;0.508;;;;;;
;Dielectric 6;Core;Altium Designer;Core-027;;0.2;;4.5;0.02;;;;2-2116;;53;1;180
5;Int4 (Sign);Plane;Altium Designer;CF-004;ED;0.035;1;;;;0.508;;;;;;
;Dielectric 7;Prepreg;Altium Designer;PP-006;;0.18;;4.1;0.02;;;;1080;;62;1;180
6;Int5 (PWR);Signal;Altium Designer;CF-004;ED;0.035;1;;;Not allowed;;;;;;;
;Dielectric 9;Core;Altium Designer;Core-027;;0.2;;4.5;0.02;;;;2-2116;;53;1;180
7;Int6 (Sign);Plane;Altium Designer;CF-004;ED;0.035;1;;;;0.508;;;;;;
;Dielectric 11;Prepreg;Altium Designer;PP-006;;0.11;;4.1;0.02;;;;1080;;62;1;180
8;Bottom Layer;Signal;Altium Designer;CF-004;ED;0.053;1;;;Bottom;;;;;;;
;Bottom Copper Plating;Copper plating;;PbSn;HASL;0.02;;;;;;#FFF2F2F2;;;;;
;Bottom Solder;Solder Mask;Altium Designer;SM-001;;0.025;;4;0.03;;;#FF008000;;1;;1;125
;Bottom Overlay;Overlay;;;;;;;;;;;;;;;


Impedances
#;Target impedance (Ω);Type;Trace layer;Calculated impedance (Ω);Trace width (mm);Gap (mm);Reference layers;Stack
1;50;Single;Top Layer;47.9188;0.178;;Int1 (Sign);Board Layer Stack

2;50;Single;Int1 (Sign);;0.102;;Top Layer;Int2 (GND);Board Layer Stack

3;50;Single;Int2 (GND);49.979;0.118;;Int1 (Sign);Int3 (Sign);Board Layer Stack

4;50;Single;Int3 (Sign);;0.102;;Int2 (GND);Int4 (Sign);Board Layer Stack

5;50;Single;Int4 (Sign);;0.102;;Int3 (Sign);Int5 (PWR);Board Layer Stack

6;50;Single;Int5 (PWR);49.979;0.118;;Int4 (Sign);Int6 (Sign);Board Layer Stack

7;50;Single;Int6 (Sign);;0.102;;Int5 (PWR);Bottom Layer;Board Layer Stack

8;50;Single;Bottom Layer;47.9188;0.178;;Int6 (Sign);Board Layer Stack

9;100;Diff pair;Top Layer;98.2719;0.127;0.229;Int1 (Sign);Board Layer Stack

10;100;Diff pair;Int1 (Sign);;0.102;0.254;Top Layer;Int2 (GND);Board Layer Stack

11;100;Diff pair;Int2 (GND);100.0786;0.102;0.279;Int1 (Sign);Int3 (Sign);Board Layer Stack

12;100;Diff pair;Int3 (Sign);;0.102;0.254;Int2 (GND);Int4 (Sign);Board Layer Stack

13;100;Diff pair;Int4 (Sign);;0.102;0.254;Int3 (Sign);Int5 (PWR);Board Layer Stack

14;100;Diff pair;Int5 (PWR);100.0786;0.102;0.279;Int4 (Sign);Int6 (Sign);Board Layer Stack

15;100;Diff pair;Int6 (Sign);;0.102;0.254;Int5 (PWR);Bottom Layer;Board Layer Stack

16;100;Diff pair;Bottom Layer;98.2719;0.127;0.229;Int6 (Sign);Board Layer Stack


Via types
#;Name;Type;Layers;Stack
1;Thru 1:8;Thru;Top Layer-Bottom Layer;Board Layer Stack


No back drills
